{
  "EX-alpha-eval": {
    "simple": {
      "count": 137,
      "score_rate": 0.8102189781021898
    },
    "moderate": {
      "count": 226,
      "score_rate": 0.6946902654867256
    },
    "challenging": {
      "count": 97,
      "score_rate": 0.5257731958762887
    },
    "overall": {
      "count": 460,
      "score_rate": 0.6934782608695652
    }
  },
  "o3-alpha-eval": {
    "simple": {
      "count": 137,
      "score_rate": 0.9124087591240876
    },
    "moderate": {
      "count": 226,
      "score_rate": 0.7964601769911505
    },
    "challenging": {
      "count": 97,
      "score_rate": 0.7010309278350515
    },
    "overall": {
      "count": 460,
      "score_rate": 0.8108695652173913
    }
  }
}